,MTprime,MPhi,limit_p1,limit_p2,limit_m1,limit_m2,exp,obs
98,800.0,75.0,441.42323219155605,665.1201677377367,219.21897423925125,146.14597686994267,292.29195373988534,386.5314478418456
90,800.0,100.0,595.371798079103,810.4650383233679,252.94495378189805,168.62996918793203,337.25993837586407,238.58615193341387
91,800.0,125.0,754.1375441904788,1026.5889437133756,320.39691286719165,213.59795382391079,427.19590764782157,311.8049621647414
92,800.0,175.0,3215.0076810372766,4957.262626822092,1365.9026360627327,910.6018050249538,1821.2036100499076,1324.9022075161877
93,800.0,200.0,5993.409024208034,9782.634422844187,2546.312420378257,1697.5416612353033,3395.0833224706066,2640.2021322412006
94,800.0,250.0,9883.171304905403,14346.355646863063,4198.886061240232,2799.257374160155,5598.51474832031,4772.638114570908
95,800.0,350.0,23497.340145042574,31986.352292660744,9982.895090801712,6655.2630126694185,13310.526025338837,14738.347595095747
96,800.0,450.0,17583.313207668547,27111.942564009503,7470.307291946839,4980.204861297892,9960.409722595785,9834.193834815715
97,800.0,500.0,19210.662855794482,27886.087877473034,8161.690051257843,5441.126891437757,10882.253782875514,12550.872108455509
107,900.0,75.0,76.4001803004384,115.11696104279167,37.94174485415216,25.29449582490667,50.58899164981334,65.77108417808627
99,900.0,100.0,67.91126889640712,102.32618858629674,33.725995177737,22.483996785158,44.967993570316,31.880708450749772
100,900.0,125.0,99.22863599129624,135.07750340911556,42.15749229698301,28.10499486465534,56.20998972931068,23.5197777346845
275,900.0,150.0,113.18544667162232,170.5436327532658,56.20998972931068,37.47332648620712,74.94665297241423,43.81247980394581
101,900.0,175.0,407.46760444410546,613.9570779117569,202.35594873057883,134.90397177661072,269.80794355322143,214.47348969545453
102,900.0,200.0,1111.3606516278198,1713.621609952245,472.1638922838003,314.7759281892002,629.5518563784004,505.69640196102364
103,900.0,250.0,4008.836554543552,6181.277694918105,1703.1625744385967,1135.4417639421965,2270.883527884393,2127.2987975331766
104,900.0,350.0,5556.803258139099,8066.223870174405,2360.8195686310487,1573.879712420699,3147.759424841398,3610.3010779586384
105,900.0,450.0,10478.54296003511,16157.004159405156,4451.8310150221305,2967.887343348087,5935.774686696174,5191.225812993055
106,900.0,500.0,16789.484334162273,24371.520302288285,7133.047925368559,4755.365188279442,9510.730376558884,8979.531831440572
9,1000.0,75.0,33.95563444820356,51.16309429314837,16.8629975888685,11.241998392579,22.483996785158,32.709817334839435
24,1000.0,100.0,50.93345055551318,70.29183645952119,25.294493591322354,16.86299647207634,33.72599294415268,27.528539536732094
25,1000.0,125.0,42.44454361865053,58.57653485010295,21.078746148491504,14.05249743232767,28.10499486465534,14.695993580561819
111,1000.0,150.0,56.59272333581116,78.10204646680394,28.10499486465534,18.73666324310356,37.473326486207114,32.22122443382936
7,1000.0,175.0,101.86690111102637,153.48926947793922,50.58898718264471,33.72599294415268,67.45198588830536,68.97881972187191
26,1000.0,200.0,203.73380222205273,306.97853895587843,101.17797436528942,67.45198588830536,134.90397177661072,131.22446649043243
67,1000.0,250.0,1234.2215120267872,1935.9630993247874,489.0268820551237,326.01793328253217,652.0358665650643,789.8731099104309
27,1000.0,450.0,5834.643135147262,8996.513380774588,2478.860318343567,1652.5736408619755,3305.147281723951,3419.101223763025
68,1000.0,500.0,9724.405987642216,14994.189730354427,4131.434245104335,2754.2894967362236,5508.578993472447,4155.694339960957
71,1100.0,75.0,23.952643245402015,35.050550880315875,11.128353622694757,8.161838718629767,16.072544384941637,18.379266246041666
28,1100.0,100.0,33.95563444820356,46.86122877351609,16.8629975888685,11.241998392579,22.483996785158,27.99531736212448
69,1100.0,125.0,33.95563444820356,51.16309429314837,16.8629975888685,11.241998392579,22.483996785158,18.01996520425082
137,1100.0,150.0,42.44454361865053,63.95386228247468,21.078746148491504,14.05249743232767,28.10499486465534,41.568795295755315
10,1100.0,175.0,59.53717712760911,81.0465002586019,25.294493591322354,16.86299647207634,33.72599294415268,65.32889602753085
39,1100.0,200.0,67.91126889640712,93.72245754703218,33.725995177737,22.483996785158,44.967993570316,51.40710520201058
113,1100.0,225.0,66.15241952702887,102.00129141201683,28.10499486465534,18.73666324310356,37.473326486207114,41.723244611236616
70,1100.0,250.0,396.914543965185,612.007748472101,168.62996918793203,112.41997945862136,224.8399589172427,244.25620285121207
11,1100.0,350.0,3215.0076810372766,4957.262626822092,1365.9026360627327,910.6018050249538,1821.2036100499076,1875.6381494531524
49,1100.0,450.0,2561.1325560675386,3848.2998083641314,1132.9630214141553,821.6758447110053,1669.436666370648,1273.1762955438178
40,1100.0,500.0,3969.1452252277554,5403.100064889925,1686.2996918793203,1124.1997945862136,2248.399589172427,1837.0149418773874
32,1200.0,75.0,16.97781722410178,23.430614386758045,8.43149879443425,5.6209991962895,11.241998392579,10.523506993919723
30,1200.0,100.0,23.315792517940448,33.80158637166767,12.647246795661177,8.43149823603817,16.86299647207634,21.707245071728206
50,1200.0,125.0,29.768588563804556,40.52325012930095,12.647246795661177,8.43149823603817,16.86299647207634,18.069850421580487
114,1200.0,150.0,24.80715899782406,33.76937585227889,10.539373074245752,7.026248716163835,14.05249743232767,9.676171262473593
41,1200.0,175.0,33.95563444820356,51.16309429314837,16.8629975888685,11.241998392579,22.483996785158,30.76535891773152
72,1200.0,200.0,33.95563444820356,46.86122877351609,16.8629975888685,11.241998392579,22.483996785158,28.55489320484064
115,1200.0,225.0,33.076209763514434,45.025834469705195,14.05249743232767,9.36833162155178,18.736663243103557,20.642089616938797
31,1200.0,250.0,84.88908723730106,127.90772456494936,42.15749229698301,28.10499486465534,56.20998972931068,60.11867321813184
51,1200.0,350.0,1532.1370592711426,2403.264675112946,607.0679176664346,404.7119331985067,809.4238663970134,1196.9059381941772
13,1200.0,450.0,2624.6158110694405,3867.6551565934724,1189.4670580512043,857.6414839167481,1742.5096816086311,1242.2659182626394
73,1200.0,500.0,3016.5501767619153,4651.258573899296,1281.5876514687666,854.3918152956431,1708.7836305912863,1929.8271339091189
75,1300.0,75.0,12.733362638878296,19.186158684742402,6.3236233978305885,4.215749118019085,8.43149823603817,7.849003242849649
14,1300.0,100.0,16.97781722410178,27.732477672806013,8.43149879443425,5.6209991962895,11.241998392579,16.170132138880913
52,1300.0,125.0,21.222271809325264,31.97693114123734,10.539373074245752,7.026248716163835,14.05249743232767,15.538709029580284
139,1300.0,150.0,17.637384620826467,30.184488663780098,10.539373074245752,7.026248716163835,14.05249743232767,6.760431618317156
33,1300.0,175.0,25.46672527775659,38.372317369484804,12.647246795661177,8.43149823603817,16.86299647207634,15.88582591885336
74,1300.0,200.0,23.315792517940448,33.80158637166767,12.647246795661177,8.43149823603817,16.86299647207634,21.47897460148327
140,1300.0,225.0,17.685225763242947,24.40688952087623,8.782810895204793,5.855207263469863,11.710414526939726,13.222479980682971
43,1300.0,250.0,33.95563444820356,46.86122877351609,16.8629975888685,11.241998392579,22.483996785158,22.88145850846737
53,1300.0,350.0,926.1339001814159,1511.6654192078063,393.46992810517474,262.31328540344987,524.6265708068997,849.6590366919738
34,1300.0,450.0,2778.4016290695495,4284.054167830009,1180.4097843155243,786.9398562103495,1573.879712420699,1652.9631006866625
44,1300.0,500.0,2222.7213032556397,3427.24321990449,944.3277845676006,629.5518563784004,1259.1037127568009,1264.6720360882614
3,1400.0,75.0,10.186690111102637,16.639486603683608,5.058898718264471,3.3725992944152683,6.745198588830537,7.210227609239061
2,1400.0,100.0,15.876581758607399,21.612401260205473,6.745199035547399,4.496799357031599,8.993598714063198,12.705635071259584
20,1400.0,125.0,15.28003606008768,24.959230798959137,7.588348970830432,5.058899164981334,10.117798329962667,12.869640077621353
141,1400.0,150.0,14.109907696661173,21.63816967571649,7.026248716163835,5.620998972931068,11.241997945862137,6.457397235194654
16,1400.0,175.0,21.830299024651445,29.71704949919821,9.274647947962771,6.183098780880802,12.366197561761604,12.53607820222469
62,1400.0,200.0,16.97781744746021,25.58154491298987,8.431498459396602,5.620998972931068,11.241997945862137,13.731625171437742
117,1400.0,225.0,11.318544667162232,18.488319044159823,5.620998972931068,3.747332648620712,7.494665297241423,10.656792876787538
59,1400.0,250.0,17.8611535849996,24.313950077580568,7.588348970830432,5.058899164981334,10.117798329962667,16.17582586327332
76,1400.0,350.0,710.4770247633438,1095.4938404604345,301.84765628235004,201.23176608992017,402.46353217984034,484.8912909411312
35,1400.0,450.0,1758.3313207668548,2711.19425640095,747.0307291946839,498.0204861297893,996.0409722595786,1265.6774316227384
45,1400.0,500.0,1905.1897538531293,2937.6370783065677,809.4238521020739,539.6159014013825,1079.231802802765,1327.1016058525634
4,1500.0,75.0,9.922863599129624,15.300193711802525,4.215749229698301,2.810499486465534,5.620998972931068,8.274937656053629
21,1500.0,100.0,13.892008145347749,21.420270124403064,5.902048653547504,3.9346991023650024,7.869398204730005,13.784784518409932
47,1500.0,125.0,13.582253779281423,22.18598213824481,6.745199035547399,4.496799357031599,8.993598714063198,9.857788503001858
118,1500.0,150.0,11.318544667162232,17.05436327532658,5.620998972931068,3.747332648620712,7.494665297241423,5.237859174593625
57,1500.0,175.0,19.845727198259247,27.015500681823116,8.431498459396602,5.620998972931068,11.241997945862137,14.004834950872342
17,1500.0,200.0,15.876581758607399,23.046355242171266,6.745199035547399,4.496799357031599,8.993598714063198,12.163007574501071
119,1500.0,225.0,9.922863599129624,15.300193711802525,4.215749229698301,2.810499486465534,5.620998972931068,8.56142798393946
63,1500.0,250.0,11.907435425521824,16.20930005172038,5.058898718264471,3.3725992944152683,6.745198588830537,10.28423059474024
55,1500.0,350.0,484.23570432644175,746.6493973856988,205.72855383231334,137.15236922154222,274.30473844308443,342.29438742021443
60,1500.0,450.0,1373.3243399882144,2117.5469140665286,583.4597391340516,388.9731403627816,777.9462807255632,1147.2044263993048
77,1500.0,500.0,1611.473002040097,2484.7514344953324,684.6377206468109,456.42512803795444,912.8502560759089,1261.8857900926148
12,1600.0,75.0,7.9382908793036995,12.957132496485151,3.3725995177736996,2.2483996785157996,4.496799357031599,7.664219587883653
36,1600.0,100.0,11.907435425521824,18.36023102466907,5.058898718264471,3.3725992944152683,6.745198588830537,12.43006746168332
46,1600.0,125.0,11.884471498475166,17.90708143909291,5.902048653547504,3.9346991023650024,7.869398204730005,8.152443094698896
142,1600.0,150.0,11.318544667162232,19.92227302612562,5.620998972931068,3.747332648620712,7.494665297241423,4.5269118742310015
1,1600.0,175.0,15.876581758607399,24.48031101100451,6.745199035547399,4.496799357031599,8.993598714063198,10.717248381889386
22,1600.0,200.0,11.884471498475166,19.412733477530484,5.902048653547504,3.9346991023650024,7.869398204730005,10.688038236853805
143,1600.0,225.0,8.488908723730106,13.866238836403006,4.215749229698301,2.810499486465534,5.620998972931068,6.998551152984479
48,1600.0,250.0,8.488908723730106,11.71530697002059,4.215749229698301,2.810499486465534,5.620998972931068,6.638078590509977
58,1600.0,350.0,174.64239219721156,237.7363959935857,74.19718358370217,49.464790247046416,98.92958049409283,98.58646920106877
0,1600.0,450.0,1091.514929790163,1683.0212332498447,463.7324152668131,309.1549435112087,618.3098870224175,822.3113928375082
8,1600.0,500.0,1357.447693902379,2093.066429729381,576.7144717508243,384.4763240305092,768.9526480610184,995.8999231869586
56,1700.0,75.0,7.9382908793036995,12.957132496485151,3.3725995177736996,2.2483996785157996,4.496799357031599,8.110671450578426
15,1700.0,100.0,10.186690111102637,16.639486603683608,5.058898718264471,3.3725992944152683,6.745198588830537,10.658212956986766
18,1700.0,125.0,11.884471498475166,17.90708143909291,5.902048653547504,3.9346991023650024,7.869398204730005,9.089960364938374
144,1700.0,150.0,9.922863599129624,15.300193711802525,4.215749229698301,2.810499486465534,5.620998972931068,5.563001555587669
19,1700.0,175.0,15.876581758607399,24.48031101100451,6.745199035547399,4.496799357031599,8.993598714063198,9.382773297075321
23,1700.0,200.0,13.892008145347749,18.910848869095474,5.902048653547504,3.9346991023650024,7.869398204730005,10.820475546384023
121,1700.0,225.0,7.0740903052971795,10.658977047079112,3.5131243580819174,2.342082905387945,4.68416581077589,5.412161170838471
29,1700.0,250.0,7.9382908793036995,12.240155505502255,3.3725995177736996,2.2483996785157996,4.496799357031599,5.573041806575088
122,1700.0,275.0,9.922863599129624,15.300193711802525,4.215749229698301,2.810499486465534,5.620998972931068,7.357696938129317
123,1700.0,300.0,14.109907696661173,21.63816967571649,8.431498459396602,5.620998972931068,11.241997945862137,9.436115685334718
146,1700.0,325.0,26.460967810811546,40.800516564806735,11.241997945862137,7.494665297241424,14.989330594482846,13.269852648309923
38,1700.0,350.0,89.37466417330658,130.0272852929281,35.41229638845365,23.608196401057466,47.21639280211493,47.3691207372567
42,1700.0,450.0,889.0885213022559,1370.897287961796,377.73111382704025,251.82074255136015,503.6414851027203,567.391196617329
54,1700.0,500.0,1000.2245864650379,1542.2594203671413,424.9474994816854,283.29834251775,566.5966850355,764.2351930036945
5,1800.0,75.0,5.953717712760912,9.986715520624019,2.5294493591322356,1.6862996472076341,3.3725992944152683,5.548078726316
64,1800.0,100.0,8.488908723730106,12.790772456494935,4.215749229698301,2.810499486465534,5.620998972931068,7.4299777434951295
65,1800.0,125.0,9.922863599129624,15.300193711802525,4.215749229698301,2.810499486465534,5.620998972931068,6.565882100919364
147,1800.0,150.0,7.0740903052971795,11.555199179241459,3.5131243580819174,2.342082905387945,4.68416581077589,6.273573572636403
66,1800.0,175.0,11.907435425521824,18.36023102466907,5.058898718264471,3.3725992944152683,6.745198588830537,7.317782946909746
199,1800.0,200.0,10.186690111102637,15.348926947793922,5.058898718264471,3.3725992944152683,6.745198588830537,7.873243779528494
148,1800.0,225.0,5.659272333581116,8.52718163766329,2.810499486465534,1.873666324310356,3.7473326486207115,3.8853055454557306
200,1800.0,250.0,5.0933450555513184,8.319743301841804,2.5294493591322356,1.6862996472076341,3.3725992944152683,3.6748556627521354
125,1800.0,275.0,7.0740903052971795,11.555199179241459,3.5131243580819174,2.342082905387945,4.68416581077589,4.476131644030604
126,1800.0,300.0,11.318544667162232,17.05436327532658,5.620998972931068,3.747332648620712,7.494665297241423,6.237788334147683
130,1800.0,325.0,16.97781744746021,27.732477672806013,8.431498459396602,5.620998972931068,11.241997945862137,8.449363909200782
201,1800.0,350.0,49.61431531534694,76.50097034588008,21.078746148491504,14.05249743232767,28.10499486465534,30.878407044813518
202,1800.0,450.0,611.2483583953009,997.6991852541158,259.690163985367,173.1267712252648,346.2535424505296,346.6121809544904
203,1800.0,500.0,710.4770247633438,1095.4938404604345,301.84765628235004,201.23176608992017,402.46353217984034,489.8542192827959
6,1900.0,75.0,5.953717712760912,10.221973595790281,2.5294493591322356,1.6862996472076341,3.3725992944152683,5.15798921742499
204,1900.0,100.0,7.9382908793036995,12.240155505502255,3.3725995177736996,2.2483996785157996,4.496799357031599,6.976365366934371
205,1900.0,125.0,8.488908723730106,13.866238836403006,4.215749229698301,2.810499486465534,5.620998972931068,5.816570699676432
127,1900.0,150.0,7.0740903052971795,11.555199179241459,3.5131243580819174,2.342082905387945,4.68416581077589,6.972949082785969
154,1900.0,175.0,11.907435425521824,16.20930005172038,5.058898718264471,3.3725992944152683,6.745198588830537,7.368238750718879
206,1900.0,200.0,9.922863599129624,15.300193711802525,4.215749229698301,2.810499486465534,5.620998972931068,7.549099989436662
150,1900.0,225.0,5.659272333581116,8.52718163766329,2.810499486465534,1.873666324310356,3.7473326486207115,3.396861795006075
155,1900.0,250.0,5.0933450555513184,7.674463473896961,2.5294493591322356,1.6862996472076341,3.3725992944152683,3.065363356365325
128,1900.0,275.0,5.659272333581116,8.52718163766329,2.810499486465534,1.873666324310356,3.7473326486207115,3.059248006780597
151,1900.0,300.0,8.488908723730106,11.71530697002059,4.215749229698301,2.810499486465534,5.620998972931068,4.4587128831871246
108,1900.0,325.0,13.230483905405773,20.400258282403367,5.620998972931068,3.747332648620712,7.494665297241423,6.136944920592413
207,1900.0,350.0,33.73773355673954,48.9735017625959,14.333546666227242,9.555698075296071,19.111396150592142,21.69159567386858
156,1900.0,450.0,555.6803258139099,856.8108335660017,236.08195686310486,157.3879712420699,314.7759424841398,341.71309631355246
208,1900.0,500.0,770.0141902763145,1256.8418530524934,327.14215166053987,218.09476300871336,436.1895260174267,629.9432122465943
37,2000.0,75.0,7.9382908793036995,13.629299318965343,3.3725995177736996,2.2483996785157996,4.496799357031599,5.829573813909609
157,2000.0,100.0,7.9382908793036995,12.957132496485151,3.3725995177736996,2.2483996785157996,4.496799357031599,7.5003133427346045
209,2000.0,125.0,9.922863599129624,13.507750340911558,4.215749229698301,2.810499486465534,5.620998972931068,5.977731765566077
135,2000.0,150.0,5.659272333581116,8.52718163766329,2.810499486465534,1.873666324310356,3.7473326486207115,5.7525625326907734
158,2000.0,175.0,11.907435425521824,18.36023102466907,5.058898718264471,3.3725992944152683,6.745198588830537,7.5365489555647835
210,2000.0,200.0,9.922863599129624,15.300193711802525,4.215749229698301,2.810499486465534,5.620998972931068,7.214565971020947
131,2000.0,225.0,5.659272333581116,8.52718163766329,2.810499486465534,1.873666324310356,3.7473326486207115,3.747859812938349
159,2000.0,250.0,5.0933450555513184,8.319743301841804,2.5294493591322356,1.6862996472076341,3.3725992944152683,3.0002920811545315
152,2000.0,275.0,5.659272333581116,8.52718163766329,2.810499486465534,1.873666324310356,3.7473326486207115,2.930654550429691
109,2000.0,300.0,8.488908723730106,12.790772456494935,4.215749229698301,2.810499486465534,5.620998972931068,3.542487703990752
134,2000.0,325.0,11.318544667162232,18.488319044159823,5.620998972931068,3.747332648620712,7.494665297241423,4.8769869651608895
211,2000.0,350.0,29.791552937568078,46.73014328387626,11.804097307095008,7.869398204730005,15.73879640946001,15.009298823765302
160,2000.0,450.0,452.48258369404573,615.9533948179046,192.2381763101942,128.15877944181628,256.31755888363256,323.90722320404643
212,2000.0,500.0,591.402636557644,911.8915230662741,251.25866552597043,167.50577225233374,335.0115445046675,402.7679871453061
61,2100.0,75.0,6.598997540705754,10.22701434886958,2.5294493591322356,1.6862996472076341,3.3725992944152683,2.6988326987475575
161,2100.0,100.0,6.7911268896407115,10.232618858629674,3.3725995177736996,2.2483996785157996,4.496799357031599,5.153237491347362
213,2100.0,125.0,7.767663799840471,11.858610165856698,3.3898104017033974,2.426423049075621,5.050116264742757,5.448674115189007
153,2100.0,150.0,5.659272333581116,8.52718163766329,2.810499486465534,1.873666324310356,3.7473326486207115,4.189082511315158
162,2100.0,175.0,9.922863599129624,13.507750340911558,4.215749229698301,2.810499486465534,5.620998972931068,5.801226062851147
214,2100.0,200.0,7.64001803004384,11.511696104279167,3.794174485415216,2.529449582490667,5.058899164981334,5.536891079522408
112,2100.0,225.0,5.659272333581116,7.810204646680393,2.810499486465534,1.873666324310356,3.7473326486207115,3.4498795880600364
163,2100.0,250.0,4.232971951624862,7.244276921933733,2.5294493591322356,1.6862996472076341,3.3725992944152683,2.691160068068015
116,2100.0,275.0,5.659272333581116,9.96113651306281,2.810499486465534,1.873666324310356,3.7473326486207115,2.3178502558496246
120,2100.0,300.0,7.0549538483305865,12.073795465512038,4.215749229698301,2.810499486465534,5.620998972931068,2.6803400283411474
124,2100.0,325.0,11.318544667162232,17.05436327532658,5.620998972931068,3.747332648620712,7.494665297241423,3.6545993762231657
215,2100.0,350.0,23.814870851043647,32.41860010344076,10.117797436528942,6.745198588830537,13.490397177661073,9.816902368560585
164,2100.0,450.0,335.7474479956915,436.41106899147275,182.12037529993037,121.41358353328691,242.82716706657382,278.5144257135951
216,2100.0,500.0,460.42084955720514,751.513622255778,195.61075282204948,130.40717331301286,260.8143466260257,270.7621616016092
78,2200.0,75.0,5.953717712760912,10.221973595790281,2.5294493591322356,1.6862996472076341,3.3725992944152683,3.6532331094988675
165,2200.0,100.0,5.953717712760912,9.180115512334535,2.5294493591322356,1.6862996472076341,3.3725992944152683,3.940144580830032
217,2200.0,125.0,6.946004072673874,10.710135062201532,2.951024326773752,1.9673495511825012,3.9346991023650024,5.083492265612517
129,2200.0,150.0,4.961431799564812,8.098207475265573,2.1078746148491505,1.405249743232767,2.810499486465534,3.523452728420074
166,2200.0,175.0,8.488908723730106,12.790772456494935,4.215749229698301,2.810499486465534,5.620998972931068,4.867426510941662
218,2200.0,200.0,6.7911268896407115,11.092991069122405,3.3725995177736996,2.2483996785157996,4.496799357031599,4.84343503009461
132,2200.0,225.0,5.659272333581116,9.96113651306281,2.810499486465534,1.873666324310356,3.7473326486207115,3.5214374052819473
167,2200.0,250.0,3.9691454396518497,6.120077752751127,1.6862997588868498,1.1241998392578998,2.2483996785157996,2.3581691033713237
133,2200.0,275.0,4.244454361865053,6.395386228247467,2.1078746148491505,1.405249743232767,2.810499486465534,1.7311277755007195
136,2200.0,300.0,5.659272333581116,8.52718163766329,2.810499486465534,1.873666324310356,3.7473326486207115,1.9734968670528148
138,2200.0,325.0,9.922863599129624,15.300193711802525,4.215749229698301,2.810499486465534,5.620998972931068,2.9783359767170903
219,2200.0,350.0,17.8611535849996,24.313950077580568,7.588348970830432,5.058899164981334,10.117798329962667,6.681413141336722
168,2200.0,450.0,183.41758388960525,224.66171531526956,116.07363736799032,66.32779073957452,132.65558147914905,141.37117636059918
220,2200.0,500.0,416.5755251508168,541.4729855957476,225.96417014778064,150.64277533354056,301.2855506670811,347.29807680225946
173,2300.0,75.0,6.787203822152019,10.228484940781762,2.5294493591322356,1.6862996472076341,3.3725992944152683,3.477210877564548
169,2300.0,100.0,5.0933450555513184,10.215252293873307,2.5294493591322356,1.6862996472076341,3.3725992944152683,3.4829831092664145
221,2300.0,125.0,5.953717712760912,9.717849149005433,2.5294493591322356,1.6862996472076341,3.3725992944152683,4.736158137383453
198,2300.0,150.0,6.6152419527028865,11.096350379930303,2.810499486465534,1.873666324310356,3.7473326486207115,4.5952149301747856
170,2300.0,175.0,5.0534438586534,7.487020184852278,2.276893290248038,1.6513056350470525,3.355033717296545,3.904911091323326
222,2300.0,200.0,6.7911268896407115,10.232618858629674,3.3725995177736996,2.2483996785157996,4.496799357031599,4.4394402672967415
145,2300.0,225.0,4.244454361865053,6.395386228247467,2.1078746148491505,1.405249743232767,2.810499486465534,2.6855597570119114
171,2300.0,250.0,3.3955634448203558,5.546495534561203,1.6862997588868498,1.1241998392578998,2.2483996785157996,2.1898851604593386
149,2300.0,275.0,4.244454361865053,6.395386228247467,2.1078746148491505,1.405249743232767,2.810499486465534,1.5526256307018618
250,2300.0,300.0,5.659272333581116,8.52718163766329,2.810499486465534,1.873666324310356,3.7473326486207115,1.7482642003677913
251,2300.0,325.0,8.488908723730106,12.790772456494935,4.215749229698301,2.810499486465534,5.620998972931068,2.9162651998643256
223,2300.0,350.0,13.892008145347749,21.420270124403064,5.902048653547504,3.9346991023650024,7.869398204730005,5.324429243473236
172,2300.0,450.0,73.05615435671537,89.48389895432173,39.62804561815195,26.418695887523,52.837391775046,61.05818263935564
224,2300.0,500.0,254.91934225068695,331.3491237973188,138.2765804520801,92.18438458556348,184.36876917112696,193.80515045614348
228,2400.0,75.0,6.787203822152019,10.228484940781762,2.5294493591322356,1.6862996472076341,3.3725992944152683,3.071852189859559
225,2400.0,100.0,5.0933450555513184,10.215252293873307,2.5294493591322356,1.6862996472076341,3.3725992944152683,3.448449842120546
174,2400.0,125.0,5.953717712760912,9.717849149005433,2.5294493591322356,1.6862996472076341,3.3725992944152683,4.698952228487702
252,2400.0,150.0,4.244454361865053,7.470852608155538,2.1078746148491505,1.405249743232767,2.810499486465534,3.0806917844088773
226,2400.0,175.0,7.9382908793036995,10.806200630102737,3.3725995177736996,2.2483996785157996,4.496799357031599,4.440662449790631
175,2400.0,200.0,6.7911268896407115,10.232618858629674,3.3725995177736996,2.2483996785157996,4.496799357031599,4.413144762658214
253,2400.0,225.0,3.5274769241652932,6.036897732756019,1.7565621790409587,1.405249743232767,2.810499486465534,2.56740043508353
227,2400.0,250.0,3.3955634448203558,5.546495534561203,1.6862997588868498,1.1241998392578998,2.2483996785157996,2.1496899612339817
279,2400.0,275.0,3.3076209763514433,5.100064570600842,1.405249743232767,0.936833162155178,1.8736663243103557,1.4213252577914641
280,2400.0,300.0,4.961431799564812,7.201985789820089,2.1078746148491505,1.405249743232767,2.810499486465534,1.7233574681635586
281,2400.0,325.0,7.0740903052971795,10.658977047079112,3.5131243580819174,2.342082905387945,4.68416581077589,2.2296314901471335
176,2400.0,350.0,13.892008145347749,18.910848869095474,5.902048653547504,3.9346991023650024,7.869398204730005,4.555228239443488
177,2400.0,500.0,198.96144378136478,258.61395516203305,125.9103855706197,71.94878971250559,143.89757942501117,158.92480033238758
182,2500.0,75.0,6.893253958652605,10.388305045901282,2.083631290707571,1.404906664682173,3.4252962491298695,3.496858498197228
178,2500.0,100.0,5.0933450555513184,10.215252293873307,2.5294493591322356,1.6862996472076341,3.3725992944152683,3.334131650160787
229,2500.0,125.0,5.953717712760912,9.717849149005433,2.5294493591322356,1.6862996472076341,3.3725992944152683,4.593638587581401
276,2500.0,150.0,6.6152419527028865,11.357748539037393,2.810499486465534,1.873666324310356,3.7473326486207115,4.409584356878569
179,2500.0,175.0,7.498535652140312,11.29851566990386,3.365097578139065,2.4050264281419325,4.965215938109188,4.351732640176861
230,2500.0,200.0,6.7911268896407115,10.232618858629674,3.3725995177736996,2.2483996785157996,4.496799357031599,4.302243547978685
277,2500.0,225.0,4.961431799564812,7.650096855901262,2.1078746148491505,1.405249743232767,2.810499486465534,3.220488342165103
180,2500.0,250.0,3.3955634448203558,5.116309429314837,1.6862997588868498,1.1241998392578998,2.2483996785157996,2.0642804124486354
282,2500.0,275.0,4.244454361865053,7.470852608155538,2.1078746148491505,1.405249743232767,2.810499486465534,1.6914241135719572
283,2500.0,300.0,5.659272333581116,8.52718163766329,2.810499486465534,1.873666324310356,3.7473326486207115,1.7972233973421508
284,2500.0,325.0,7.0740903052971795,10.658977047079112,3.5131243580819174,2.342082905387945,4.68416581077589,2.3693328797548925
231,2500.0,350.0,11.907435425521824,16.20930005172038,5.058898718264471,3.3725992944152683,6.745198588830537,3.974144559942808
181,2500.0,450.0,48.17295298092926,62.17062217239014,32.53461783329994,28.953083254856104,38.50384153508386,41.55682769836065
232,2500.0,500.0,152.32984981114663,186.58344127978808,96.40013381526178,55.085789219977485,110.17157843995497,121.36688527680029
237,2600.0,75.0,6.787203822152019,10.228484940781762,2.5294493591322356,1.6862996472076341,3.3725992944152683,3.6157334396861933
233,2600.0,100.0,5.0933450555513184,10.215252293873307,2.5294493591322356,1.6862996472076341,3.3725992944152683,2.7641874623480414
183,2600.0,125.0,5.953717712760912,9.717849149005433,2.5294493591322356,1.6862996472076341,3.3725992944152683,4.5984488060166315
254,2600.0,150.0,4.244454361865053,6.933119418201503,2.1078746148491505,1.405249743232767,2.810499486465534,2.9085662055191217
234,2600.0,175.0,7.9382908793036995,10.806200630102737,3.3725995177736996,2.2483996785157996,4.496799357031599,4.341105388838004
184,2600.0,200.0,6.7911268896407115,10.232618858629674,3.3725995177736996,2.2483996785157996,4.496799357031599,4.226528807329278
255,2600.0,225.0,3.5370451526485898,5.329488523539556,1.7565621790409587,1.1710414526939725,2.342082905387945,2.3810518987911045
235,2600.0,250.0,3.3955634448203558,5.116309429314837,1.6862997588868498,1.1241998392578998,2.2483996785157996,2.076028741915635
256,2600.0,275.0,3.3076209763514433,5.100064570600842,1.405249743232767,0.936833162155178,1.8736663243103557,1.3080740571465581
257,2600.0,300.0,4.244454361865053,7.470852608155538,2.1078746148491505,1.405249743232767,2.810499486465534,1.4237442902202844
258,2600.0,325.0,5.659272333581116,9.244159522079912,2.810499486465534,1.873666324310356,3.7473326486207115,1.8542017064205139
185,2600.0,350.0,9.922863599129624,15.300193711802525,4.215749229698301,2.810499486465534,5.620998972931068,3.5181436775414743
236,2600.0,450.0,40.52506022602882,52.526923555432994,27.36945232085645,24.35651862086598,32.39100729626226,34.86487790955435
110,2600.0,500.0,106.21639022196297,138.0621420630193,67.21777938463403,38.410159648362296,76.82031929672459,87.97284230257193
189,2700.0,75.0,6.787203822152019,10.228484940781762,2.5294493591322356,1.6862996472076341,3.3725992944152683,3.6597293911251345
186,2700.0,100.0,5.0933450555513184,10.215252293873307,2.5294493591322356,1.6862996472076341,3.3725992944152683,2.757713190908627
238,2700.0,125.0,5.953717712760912,9.717849149005433,2.5294493591322356,1.6862996472076341,3.3725992944152683,4.588551531035711
259,2700.0,150.0,4.244454361865053,7.470852608155538,2.1078746148491505,1.405249743232767,2.810499486465534,2.978030882415024
187,2700.0,175.0,7.9382908793036995,10.806200630102737,3.3725995177736996,2.2483996785157996,4.496799357031599,4.3632827244281325
239,2700.0,200.0,6.7911268896407115,10.232618858629674,3.3725995177736996,2.2483996785157996,4.496799357031599,4.251386024412713
260,2700.0,225.0,3.3076209763514433,5.100064570600842,1.405249743232767,0.936833162155178,1.8736663243103557,2.26716155661485
188,2700.0,250.0,3.3955634448203558,5.116309429314837,1.6862997588868498,1.1241998392578998,2.2483996785157996,2.0535075009939874
285,2700.0,275.0,2.829636166790558,4.980568256531405,1.405249743232767,0.936833162155178,1.8736663243103557,1.2653693860786697
286,2700.0,300.0,4.244454361865053,6.395386228247467,2.1078746148491505,1.405249743232767,2.810499486465534,1.4473048173949086
287,2700.0,325.0,5.659272333581116,9.244159522079912,2.810499486465534,1.873666324310356,3.7473326486207115,1.8441891865937357
240,2700.0,350.0,10.63984059011252,15.479437959548248,4.215749229698301,2.810499486465534,5.620998972931068,3.35375223762752
241,2700.0,500.0,83.93686199892288,109.10276724786819,53.118444582680475,30.353395883321728,60.706791766643455,68.37429309545938
246,2800.0,75.0,6.787203822152019,10.228484940781762,2.5294493591322356,1.6862996472076341,3.3725992944152683,3.695019898221236
242,2800.0,100.0,6.598997540705754,10.22701434886958,2.5294493591322356,1.6862996472076341,3.3725992944152683,2.8795311198521927
190,2800.0,125.0,5.953717712760912,10.221973595790281,2.5294493591322356,1.6862996472076341,3.3725992944152683,4.70469827701053
278,2800.0,150.0,4.244454361865053,6.395386228247467,2.1078746148491505,1.405249743232767,2.810499486465534,2.7051551426862805
243,2800.0,175.0,7.9382908793036995,12.240155505502255,3.3725995177736996,2.2483996785157996,4.496799357031599,4.365773879336934
191,2800.0,200.0,6.7911268896407115,10.232618858629674,3.3725995177736996,2.2483996785157996,4.496799357031599,4.290638220788587
261,2800.0,225.0,3.5370451526485898,5.329488523539556,1.7565621790409587,1.1710414526939725,2.342082905387945,2.421831139689287
244,2800.0,250.0,3.3955634448203558,5.116309429314837,1.6862997588868498,1.1241998392578998,2.2483996785157996,2.0815978163255218
262,2800.0,275.0,3.3076209763514433,5.100064570600842,1.405249743232767,0.936833162155178,1.8736663243103557,1.3293108995280296
263,2800.0,300.0,4.244454361865053,6.395386228247467,2.1078746148491505,1.405249743232767,2.810499486465534,1.3676231081702677
264,2800.0,325.0,5.659272333581116,8.52718163766329,2.810499486465534,1.873666324310356,3.7473326486207115,1.7128841446344343
192,2800.0,350.0,8.51187265077676,13.35147002021249,3.3725995177736996,2.2483996785157996,4.496799357031599,3.029968192351205
245,2800.0,450.0,32.64431719985235,42.5691258042024,21.84413652619207,19.39450385579528,25.92685704789757,27.94105193255325
193,2800.0,500.0,68.39299495969355,88.89854976725005,43.2816928063162,24.732395123523208,49.464790247046416,55.82864426824503
80,2900.0,75.0,6.787203822152019,10.228484940781762,2.5294493591322356,1.6862996472076341,3.3725992944152683,3.4475460367310546
194,2900.0,100.0,6.787203822152019,10.228484940781762,2.5294493591322356,1.6862996472076341,3.3725992944152683,2.9553702338624737
247,2900.0,125.0,6.38390426472414,10.225334693465632,2.5294493591322356,1.6862996472076341,3.3725992944152683,4.777325752540541
265,2900.0,150.0,4.244454361865053,7.470852608155538,2.1078746148491505,1.405249743232767,2.810499486465534,2.9311140381127747
195,2900.0,175.0,7.9382908793036995,12.240155505502255,3.3725995177736996,2.2483996785157996,4.496799357031599,4.365918413992542
248,2900.0,200.0,6.7911268896407115,10.232618858629674,3.3725995177736996,2.2483996785157996,4.496799357031599,4.301709617424877
266,2900.0,225.0,3.5370451526485898,5.329488523539556,1.7565621790409587,1.1710414526939725,2.342082905387945,2.3929304680398436
196,2900.0,250.0,3.3955634448203558,5.116309429314837,1.6862997588868498,1.1241998392578998,2.2483996785157996,2.0393192946565755
267,2900.0,275.0,3.3076209763514433,5.100064570600842,1.405249743232767,0.936833162155178,1.8736663243103557,1.299785654394292
268,2900.0,300.0,4.244454361865053,6.395386228247467,2.1078746148491505,1.405249743232767,2.810499486465534,1.4738612867676757
269,2900.0,325.0,5.659272333581116,8.52718163766329,2.810499486465534,1.873666324310356,3.7473326486207115,1.6458203902404926
249,2900.0,350.0,7.9382908793036995,12.957132496485151,3.3725995177736996,2.2483996785157996,4.496799357031599,3.017631736288325
197,2900.0,450.0,31.494249997298336,41.06940437883473,21.01349332291552,18.6135212727172,25.013446144290235,26.917564134707586
79,2900.0,500.0,60.62105786634399,78.79643745320607,38.36331870500152,21.921895637057673,43.84379127411535,49.83844202763723
89,3000.0,75.0,6.787203822152019,10.228484940781762,2.5294493591322356,1.6862996472076341,3.3725992944152683,4.726978496518404
81,3000.0,100.0,6.787203822152019,10.228484940781762,2.5294493591322356,1.6862996472076341,3.3725992944152683,3.228390702869068
82,3000.0,125.0,6.38390426472414,10.225334693465632,2.5294493591322356,1.6862996472076341,3.3725992944152683,4.772686779338592
270,3000.0,150.0,4.244454361865053,7.470852608155538,2.1078746148491505,1.405249743232767,2.810499486465534,2.9979721033889613
83,3000.0,175.0,7.9382908793036995,12.240155505502255,3.3725995177736996,2.2483996785157996,4.496799357031599,4.473529854816404
84,3000.0,200.0,6.7911268896407115,10.232618858629674,3.3725995177736996,2.2483996785157996,4.496799357031599,4.313096955397128
271,3000.0,225.0,3.3076209763514433,5.398805132416003,1.405249743232767,0.936833162155178,1.8736663243103557,2.3395830557891064
85,3000.0,250.0,3.3955634448203558,5.116309429314837,1.6862997588868498,1.1241998392578998,2.2483996785157996,2.0336391751340455
272,3000.0,275.0,3.3076209763514433,5.100064570600842,1.405249743232767,0.936833162155178,1.8736663243103557,1.365564563888318
273,3000.0,300.0,4.244454361865053,6.395386228247467,2.1078746148491505,1.405249743232767,2.810499486465534,1.3217778705908498
274,3000.0,325.0,4.961431799564812,7.650096855901262,2.1078746148491505,1.405249743232767,2.810499486465534,1.574812627221605
86,3000.0,350.0,7.9382908793036995,12.957132496485151,3.3725995177736996,2.2483996785157996,4.496799357031599,2.7538863533192086
87,3000.0,450.0,29.37895273505769,38.21508375500063,19.45049534737268,17.208820097791893,23.186620763340656,24.947752695809413
88,3000.0,500.0,55.95790561679198,72.73517578275552,35.41229281471875,20.235596659925335,40.47119331985067,45.87755515686062
